{
  "ghi": {
    "min": 0.0,
    "max": 1064.0
  },
  "dni": {
    "min": 0.0,
    "max": 1014.0
  },
  "dhi": {
    "min": 0.0,
    "max": 531.0
  },
  "temp": {
    "min": 2.9000000000000004,
    "max": 40.3
  },
  "wind_speed": {
    "min": 0.1,
    "max": 9.7
  },
  "humidity": {
    "min": 9.5,
    "max": 100.0
  },
  "solar_power": {
    "min": 0.0,
    "max": 191.51999999999998
  }
}